{
  "model_path": "student_models\\student_model_best.pth",
  "mnist_test_dir": "wp3_d3.2_saferlearn\\src\\input-data\\MNIST",
  "total_samples": 10000,
  "correct_predictions": 8615,
  "incorrect_predictions": 1385,
  "overall_accuracy": 86.15,
  "average_loss": 0.6857962944865227,
  "per_class_accuracy": {
    "0": 94.28571428571429,
    "1": 99.29515418502203,
    "2": 65.60077519379846,
    "3": 90.39603960396039,
    "4": 71.18126272912424,
    "5": 83.74439461883408,
    "6": 92.48434237995825,
    "7": 83.36575875486382,
    "8": 86.652977412731,
    "9": 93.26065411298315
  },
  "per_class_correct": {
    "0": 924,
    "1": 1127,
    "2": 677,
    "3": 913,
    "4": 699,
    "5": 747,
    "6": 886,
    "7": 857,
    "8": 844,
    "9": 941
  },
  "per_class_total": {
    "0": 980,
    "1": 1135,
    "2": 1032,
    "3": 1010,
    "4": 982,
    "5": 892,
    "6": 958,
    "7": 1028,
    "8": 974,
    "9": 1009
  }
}